document_id,variant_id,file_name,document_type,extraction_method,ocr_confidence,structured_confidence,confidence_label,validation_status,processing_time_seconds,vendor_name,vendor_address,vendor_email,vendor_phone,customer_name,customer_address,invoice_number,invoice_date,due_date,currency,purchase_order,subtotal,tax_rate,tax_amount,discount,shipping,total_amount,payment_terms,merchant_name,merchant_address,merchant_phone,receipt_number,transaction_date,transaction_time,payment_method,last_four_digits,cashier
INV-0001,INV-0001-image_jpg,inv-0001_mild_blur.jpg,invoice,ocr,0.9897915478156486,0.9293,High,Review,0.0142,Northstar Paper Co.,"18WillowLoop,AlderBay，OR97001",,,,,NS-2025-10000,2025-01-24,2025-02-07,USD,,380.76,,31.41,,,412.17,,,,,,,,,,
INV-0003,INV-0003-image_jpg,inv-0003_slight_rotation.jpg,invoice,ocr,0.9946603459018771,0.9395,High,Passed,0.0106,Blue Finch Supplies,"409HarborLane,Fairhaven,ME04032",,,,,NS-2025-10002,2025-07-25,2025-08-24,USD,,,,59.99,,,787.12,,,,,,,,,,
INV-0005,INV-0005-image_jpg,inv-0005_perspective.jpg,invoice,ocr,0.9917841883893108,0.9436,High,Review,0.011,Maple Circuit Goods,"260GroveAvenue,Westvale,NY10018",,,Melissa Carter Date:2025-05-08,"48862JillianSkywayApt.953,EastStephenchester Due:2025-06-22",NS-2025-10004,2025-05-08,2025-06-22,USD,,251.78,,12.59,,,264.37,,,,,,,,,,
INV-0006,INV-0006-image_jpg,inv-0006_lower_contrast.jpg,invoice,ocr,0.9846031547011508,0.9415,High,Review,0.0131,Northstar Paper Co.,"18WillowLoop,AlderBay，OR97001",,,No:NS-2025-10005,RyanWebster,NS-2025-10005,2025-10-01,2025-11-15,USD,,270.68,,13.53,,,284.21,,,,,,,,,,
INV-0007,INV-0007-image_jpg,inv-0007_jpeg_compression.jpg,invoice,ocr,0.9853541830214282,0.928,High,Review,0.0095,Juniper Office Works,"72CedarWalk,LumenCity,CO80014",,,,,NS-2025-10006,2025-05-05,2025-05-19,USD,,121.22,,10.0,,,131.22,,,,,,,,,,
INV-0009,INV-0009-image_jpg,inv-0009_mild_shadow.jpg,invoice,ocr,0.9840520251122716,0.9413,High,Review,0.0093,Copper & Pine Studio,"11 Quartz Street, Bellmere, AZ 85004",,,No:NS-2025-10008,Taylor Brown,NS-2025-10008,2025-04-18,2025-05-02,USD,,249.16,,18.69,,,267.85,,,,,,,,,,
INV-0010,INV-0010-image_jpg,inv-0010_slight_rotation.jpg,invoice,ocr,0.9915648254812691,0.9386,High,Passed,0.0095,Maple Circuit Goods,"260GroveAvenue,Westvale,NY10018",,,,,NS-2025-10009,2025-05-29,2025-06-12,USD,,,,0.0,,,539.29,,,,,,,,,,
INV-0012,INV-0012-image_jpg,inv-0012_perspective.jpg,invoice,ocr,0.9887562783399036,0.9427,High,Review,0.0084,Juniper Office Works,"72CedarWalk,LumenCity,CO80014",,,JacquelineRoberts No:NS-2025-10011,"64355DanielInlet,EastChelsea Date:2025-06-13",NS-2025-10011,2025-06-13,2025-07-28,USD,,278.09,,20.86,,,298.95,,,,,,,,,,
INV-0014,INV-0014-image_jpg,inv-0014_jpeg_compression.jpg,invoice,ocr,0.9891508159309641,0.9291,High,Review,0.0094,Copper&PineStudio,"11QuartzStreet,Bellmere,AZ85004",,,,,NS-2025-10013,2025-09-26,2025-11-10,USD,,353.77,,17.69,,,371.46,,,,,,,,,,
INV-0016,INV-0016-image_jpg,inv-0016_mild_shadow.jpg,invoice,ocr,0.983085125355891,0.941,High,Review,0.0091,Northstar PaperCo.,"18Wilw Loop,AlderBay.OR 97001",,,No:NS-2025-10015,Tricia Fisher,NS-2025-10015,2025-01-02,2025-01-16,USD,,448.62,,37.01,,,485.63,,,,,,,,,,
INV-0017,INV-0017-image_jpg,inv-0017_slight_rotation.jpg,invoice,ocr,0.9921607306691219,0.8928,High,Review,0.009,Juniper Office Works,"72CedarWalk,LumenCity,CO80014",,,,,NS-2025-10016,2025-06-04,2025-07-19,USD,,,,0.0,,,122.29,,,,,,,,,,
INV-0018,INV-0018-image_jpg,inv-0018_light_noise.jpg,invoice,ocr,0.9917679481810825,0.9436,High,Review,0.0088,Blue Finch Supplies,"409HarborLane,Fairhaven,ME04032",,,No:NS-2025-10017,WilliamWatkins,NS-2025-10017,2025-05-23,2025-06-22,USD,,213.94,,10.7,,,224.64,,,,,,,,,,
INV-0019,INV-0019-image_jpg,inv-0019_perspective.jpg,invoice,ocr,0.9928331385688106,0.9439,High,Review,0.0118,Copper & Pine Studio,"11QuartzStreet,Bellmere,AZ85004",,,Melissa Hardy No:NS-2025-10018,"14542MatthewSummit,Josephland Date:2025-04-04",NS-2025-10018,2025-04-04,2025-05-04,USD,,466.0,,38.45,,,504.45,,,,,,,,,,
INV-0020,INV-0020-image_jpg,inv-0020_lower_contrast.jpg,invoice,ocr,0.9882014597538391,0.9288,High,Review,0.0092,Maple Circuit Goods,"260GroveAvenue,Westvale,NY10018",,,,,NS-2025-10019,2025-10-31,2025-12-15,USD,,219.54,,10.98,,,230.52,,,,,,,,,,
INV-0021,INV-0021-image_jpg,inv-0021_jpeg_compression.jpg,invoice,ocr,0.9889723237928079,0.9291,High,Review,0.0088,Northstar Paper Co.,"18WillowLoop,AlderBay.OR97001",,,,,NS-2025-10020,2025-06-24,2025-08-08,USD,,532.83,,26.64,,,559.47,,,,,,,,,,
INV-0022,INV-0022-image_jpg,inv-0022_mild_blur.jpg,invoice,ocr,0.9932833493585494,0.9304,High,Review,0.0097,JuniperOfficeWorks,"72CedarWalk,LumenCity,CO80014",,,,,NS-2025-10021,2025-09-01,2025-10-01,USD,,155.21,,12.8,,,168.01,,,,,,,,,,
INV-0023,INV-0023-image_jpg,inv-0023_mild_shadow.jpg,invoice,ocr,0.9759089670439124,0.9489,High,Passed,0.009,Blue Finch Supplies,"409 Harbor Lane, Fairhaven, ME 04032,",,,No: NS-2025-10022,Joanna Frank,NS-2025-10022,2025-01-20,2025-02-03,USD,,606.15,,0.0,,,606.15,,,,,,,,,,
INV-0024,INV-0024-image_jpg,inv-0024_slight_rotation.jpg,invoice,ocr,0.9919804197375172,0.9387,High,Passed,0.0093,Copper & Pine Studio,"11QuartzStreet,Bellmere,AZ85004",,,,,NS-2025-10023,2025-11-21,2025-12-21,USD,,,,10.81,,,226.95,,,,,,,,,,
INV-0025,INV-0025-image_jpg,inv-0025_light_noise.jpg,invoice,ocr,0.9917076736244734,0.9076,High,Review,0.0096,MapleCircuitGoods,"260GroveAvenue,Westvale,NY10018",,,No:NS-2025-10024,AlexandraWilliams,NS-2025-10024,2025-09-21,2025-10-05,USD,,208.64,,0.0,,,208.64,,,,,,,,,,
INV-0026,INV-0026-image_jpg,inv-0026_perspective.jpg,invoice,ocr,0.9908203936912181,0.9433,High,Review,0.0086,Northstar Paper Co.,"18WillowLoop,AlderBay,OR97001",,,Mary Thomas No:NS-2025-10025,"453FlemingKnollSuite124,Danielburgh Date:2025-03-18",NS-2025-10025,2025-03-18,2025-04-17,USD,,282.76,,21.21,,,303.97,,,,,,,,,,
INV-0028,INV-0028-image_jpg,inv-0028_jpeg_compression.jpg,invoice,ocr,0.9841657041346558,0.9276,High,Review,0.0092,Blue Finch Supplies,"409HarborLane,Fairhaven,ME04032",,,,,NS-2025-10027,2025-01-12,2025-01-26,USD,,78.23,,6.45,,,84.68,,,,,,,,,,
INV-0029,INV-0029-image_jpg,inv-0029_mild_blur.jpg,invoice,ocr,0.9900305250721587,0.9294,High,Review,0.0089,Copper&PineStudio,"11QuartzStreet,Bellmere,AZ85004",,,,,NS-2025-10028,2025-07-14,2025-08-28,USD,,170.89,,12.82,,,183.71,,,,,,,,,,
INV-0030,INV-0030-image_jpg,inv-0030_mild_shadow.jpg,invoice,ocr,0.9815263503887295,0.9405,High,Review,0.0092,MapleCircuitGoods,"260 Grove Avenue,Westvale, NY 10018",,,Joseph Peterson No:NS-2025-10029,Date:2025-04-09,NS-2025-10029,2025-04-09,2025-04-23,USD,,248.38,,12.42,,,260.8,,,,,,,,,,
INV-0032,INV-0032-image_jpg,inv-0032_light_noise.jpg,invoice,ocr,0.9898689886209043,0.9431,High,Review,0.0089,Juniper Office Works,"72CedarWalk,LumenCity,CO80014",,,JacobTrevino No:NS-2025-10031,Date:2025-06-13,NS-2025-10031,2025-06-13,2025-06-27,USD,,164.25,,0.0,,,164.25,,,,,,,,,,
INV-0033,INV-0033-image_jpg,inv-0033_perspective.jpg,invoice,ocr,0.9890028596464363,0.9428,High,Review,0.0093,BlueFinch Supplies,"409HarborLane,Fairhaven,ME04032",,,Deborah Campos Date:2025-10-28,"958BergGardensApt.442,Aguilarport Due:2025-11-11",NS-2025-10032,2025-10-28,2025-11-11,USD,,420.65,,0.0,,,420.65,,,,,,,,,,
INV-0034,INV-0034-image_jpg,inv-0034_lower_contrast.jpg,invoice,ocr,0.9915461683716905,0.9399,High,Passed,0.0089,Copper&PineStudio,"11QuartzStreet,Bellmere,AZ85004",,,,,NS-2025-10033,2025-04-25,2025-05-25,USD,,359.97,,18.0,,,377.97,,,,,,,,,,
INV-0035,INV-0035-image_jpg,inv-0035_jpeg_compression.jpg,invoice,ocr,0.9901950130357753,0.9294,High,Review,0.009,MapleCircuitGoods,"260GroveAvenue,Westvale,NY10018",,,,,NS-2025-10034,2025-05-03,2025-06-02,USD,,186.69,,15.4,,,202.09,,,,,,,,,,
INV-0036,INV-0036-image_jpg,inv-0036_mild_blur.jpg,invoice,ocr,0.9894654750056625,0.9292,High,Review,0.0104,Northstar Paper Co.,"18WillowLoop,AlderBay，OR97001",,,,,NS-2025-10035,2025-11-01,2025-12-16,USD,,365.75,,27.43,,,393.18,,,,,,,,,,
INV-0039,INV-0039-image_jpg,inv-0039_light_noise.jpg,invoice,ocr,0.9897336788082298,0.943,High,Review,0.0289,Copper & Pine Studio,"11QuartzStreet,Bellmere,AZ85004",,,Cassandra Petty Date:2025-01-27,"3378MichaelParkwayApt.500,NewErica Due:2025-02-10",NS-2025-10038,2025-01-27,2025-02-10,USD,,267.65,,22.08,,,289.73,,,,,,,,,,
INV-0001,INV-0001-digital_pdf,inv-0001_digital.pdf,invoice,embedded_text,,0.9116,High,Review,0.0592,Northstar Paper Co.,"18 Willow Loop, Alder Bay, OR 97001",,,Tracy Hayes,"797 Gallagher Creek, Crosston",NS-2025-10000,2025-01-24,2025-02-07,USD,,380.76,,31.41,,,412.17,,,,,,,,,,
INV-0003,INV-0003-digital_pdf,inv-0003_digital.pdf,invoice,embedded_text,,0.9274,High,Passed,0.0203,Blue Finch Supplies,"409 Harbor Lane, Fairhaven, ME 04032",,,,,NS-2025-10002,2025-07-25,2025-08-24,USD,,727.13,,59.99,,,787.12,,,,,,,,,,
INV-0005,INV-0005-digital_pdf,inv-0005_digital.pdf,invoice,embedded_text,,0.9174,High,Review,0.0141,Maple Circuit Goods,"260 Grove Avenue, Westvale, NY 10018",,,,,NS-2025-10004,2025-05-08,2025-06-22,USD,,251.78,,12.59,,,264.37,,,,,,,,,,
INV-0006,INV-0006-digital_pdf,inv-0006_digital.pdf,invoice,embedded_text,,0.9116,High,Review,0.0127,Northstar Paper Co.,"18 Willow Loop, Alder Bay, OR 97001",,,Ryan Webster,"62320 Boone Pine Suite 531, East Kevin",NS-2025-10005,2025-10-01,2025-11-15,USD,,270.68,,13.53,,,284.21,,,,,,,,,,
INV-0007,INV-0007-digital_pdf,inv-0007_digital.pdf,invoice,embedded_text,,0.9116,High,Review,0.0106,Juniper Office Works,"72 Cedar Walk, Lumen City, CO 80014",,,Mitchell Bell,"829 Joseph Trafficway, Jerryton",NS-2025-10006,2025-05-05,2025-05-19,USD,,121.22,,10.0,,,131.22,,,,,,,,,,
INV-0009,INV-0009-digital_pdf,inv-0009_digital.pdf,invoice,embedded_text,,0.9116,High,Review,0.0114,Copper & Pine Studio,"11 Quartz Street, Bellmere, AZ 85004",,,Taylor Brown,"5683 Cunningham Overpass Apt. 557, Lake Christopherfort",NS-2025-10008,2025-04-18,2025-05-02,USD,,249.16,,18.69,,,267.85,,,,,,,,,,
INV-0010,INV-0010-digital_pdf,inv-0010_digital.pdf,invoice,embedded_text,,0.9116,High,Review,0.0131,Maple Circuit Goods,"260 Grove Avenue, Westvale, NY 10018",,,Daniel Brooks,"6812 Clark Villages, Youngfort",NS-2025-10009,2025-05-29,2025-06-12,USD,,539.29,,0.0,,,539.29,,,,,,,,,,
INV-0012,INV-0012-digital_pdf,inv-0012_digital.pdf,invoice,embedded_text,,0.9116,High,Review,0.0104,Juniper Office Works,"72 Cedar Walk, Lumen City, CO 80014",,,Jacqueline Roberts,"64355 Daniel Inlet, East Chelsea",NS-2025-10011,2025-06-13,2025-07-28,USD,,278.09,,20.86,,,298.95,,,,,,,,,,
INV-0014,INV-0014-digital_pdf,inv-0014_digital.pdf,invoice,embedded_text,,0.9116,High,Review,0.0099,Copper & Pine Studio,"11 Quartz Street, Bellmere, AZ 85004",,,Pamela Harrell,"24999 Dixon Ramp, Solomonside",NS-2025-10013,2025-09-26,2025-11-10,USD,,353.77,,17.69,,,371.46,,,,,,,,,,
INV-0016,INV-0016-digital_pdf,inv-0016_digital.pdf,invoice,embedded_text,,0.9116,High,Review,0.0133,Northstar Paper Co.,"18 Willow Loop, Alder Bay, OR 97001",,,Tricia Fisher,"58889 Aguirre Corner Apt. 499, Lake Brittany",NS-2025-10015,2025-01-02,2025-01-16,USD,,448.62,,37.01,,,485.63,,,,,,,,,,
INV-0017,INV-0017-digital_pdf,inv-0017_digital.pdf,invoice,embedded_text,,0.9216,High,Passed,0.0105,Juniper Office Works,"72 Cedar Walk, Lumen City, CO 80014",,,Regina Hicks,"493 Johnson Mountains Apt. 828, South Jenniferchester",NS-2025-10016,2025-06-04,2025-07-19,USD,,122.29,,0.0,,,122.29,,,,,,,,,,
INV-0018,INV-0018-digital_pdf,inv-0018_digital.pdf,invoice,embedded_text,,0.9116,High,Review,0.0101,Blue Finch Supplies,"409 Harbor Lane, Fairhaven, ME 04032",,,William Watkins,"8754 Toni Mountains Suite 030, Port Staceyville",NS-2025-10017,2025-05-23,2025-06-22,USD,,213.94,,10.7,,,224.64,,,,,,,,,,
INV-0019,INV-0019-digital_pdf,inv-0019_digital.pdf,invoice,embedded_text,,0.9116,High,Review,0.0109,Copper & Pine Studio,"11 Quartz Street, Bellmere, AZ 85004",,,Melissa Hardy,"14542 Matthew Summit, Josephland",NS-2025-10018,2025-04-04,2025-05-04,USD,,466.0,,38.45,,,504.45,,,,,,,,,,
INV-0020,INV-0020-digital_pdf,inv-0020_digital.pdf,invoice,embedded_text,,0.9116,High,Review,0.0103,Maple Circuit Goods,"260 Grove Avenue, Westvale, NY 10018",,,Raymond Perry,"13245 Patel Stravenue Suite 333, Davidmouth",NS-2025-10019,2025-10-31,2025-12-15,USD,,219.54,,10.98,,,230.52,,,,,,,,,,
INV-0021,INV-0021-digital_pdf,inv-0021_digital.pdf,invoice,embedded_text,,0.9116,High,Review,0.01,Northstar Paper Co.,"18 Willow Loop, Alder Bay, OR 97001",,,Sandra Mcpherson,"77098 Burton Mountain Suite 252, Port Paulport",NS-2025-10020,2025-06-24,2025-08-08,USD,,532.83,,26.64,,,559.47,,,,,,,,,,
INV-0022,INV-0022-digital_pdf,inv-0022_digital.pdf,invoice,embedded_text,,0.9116,High,Review,0.0137,Juniper Office Works,"72 Cedar Walk, Lumen City, CO 80014",,,Nicholas Yang,"5338 Brittany Trail Suite 488, Gardnerview",NS-2025-10021,2025-09-01,2025-10-01,USD,,155.21,,12.8,,,168.01,,,,,,,,,,
INV-0023,INV-0023-digital_pdf,inv-0023_digital.pdf,invoice,embedded_text,,0.9216,High,Passed,0.0118,Blue Finch Supplies,"409 Harbor Lane, Fairhaven, ME 04032",,,Joanna Frank,"790 Martin River Apt. 306, East Cassandraview",NS-2025-10022,2025-01-20,2025-02-03,USD,,606.15,,0.0,,,606.15,,,,,,,,,,
INV-0024,INV-0024-digital_pdf,inv-0024_digital.pdf,invoice,embedded_text,,0.9216,High,Passed,0.0099,Copper & Pine Studio,"11 Quartz Street, Bellmere, AZ 85004",,,Brian Gomez,"7476 Garcia Road Suite 770, Jacobville",NS-2025-10023,2025-11-21,2025-12-21,USD,,216.14,,10.81,,,226.95,,,,,,,,,,
INV-0025,INV-0025-digital_pdf,inv-0025_digital.pdf,invoice,embedded_text,,0.8756,High,Review,0.0118,Maple Circuit Goods,"260 Grove Avenue, Westvale, NY 10018",,,Alexandra Williams,"38882 Victor Spur, Reginaldland",NS-2025-10024,2025-09-21,2025-10-05,USD,,208.64,,0.0,,,208.64,,,,,,,,,,
INV-0026,INV-0026-digital_pdf,inv-0026_digital.pdf,invoice,embedded_text,,0.9116,High,Review,0.0097,Northstar Paper Co.,"18 Willow Loop, Alder Bay, OR 97001",,,Mary Thomas,"453 Fleming Knoll Suite 124, Danielburgh",NS-2025-10025,2025-03-18,2025-04-17,USD,,282.76,,21.21,,,303.97,,,,,,,,,,
INV-0028,INV-0028-digital_pdf,inv-0028_digital.pdf,invoice,embedded_text,,0.9116,High,Review,0.0097,Blue Finch Supplies,"409 Harbor Lane, Fairhaven, ME 04032",,,James Hernandez,"00593 Laura Plaza Suite 939, Lake Carolyn",NS-2025-10027,2025-01-12,2025-01-26,USD,,78.23,,6.45,,,84.68,,,,,,,,,,
INV-0029,INV-0029-digital_pdf,inv-0029_digital.pdf,invoice,embedded_text,,0.9116,High,Review,0.0107,Copper & Pine Studio,"11 Quartz Street, Bellmere, AZ 85004",,,Kathleen Floyd,"10637 Christopher Divide, Hayestown",NS-2025-10028,2025-07-14,2025-08-28,USD,,170.89,,12.82,,,183.71,,,,,,,,,,
INV-0030,INV-0030-digital_pdf,inv-0030_digital.pdf,invoice,embedded_text,,0.9116,High,Review,0.0101,Maple Circuit Goods,"260 Grove Avenue, Westvale, NY 10018",,,Joseph Peterson,"288 Chelsea Crest, Morrisfurt",NS-2025-10029,2025-04-09,2025-04-23,USD,,248.38,,12.42,,,260.8,,,,,,,,,,
INV-0032,INV-0032-digital_pdf,inv-0032_digital.pdf,invoice,embedded_text,,0.9116,High,Review,0.0112,Juniper Office Works,"72 Cedar Walk, Lumen City, CO 80014",,,Jacob Trevino,"04897 Rachel Groves, South Richardborough",NS-2025-10031,2025-06-13,2025-06-27,USD,,164.25,,0.0,,,164.25,,,,,,,,,,
INV-0033,INV-0033-digital_pdf,inv-0033_digital.pdf,invoice,embedded_text,,0.9116,High,Review,0.0126,Blue Finch Supplies,"409 Harbor Lane, Fairhaven, ME 04032",,,Deborah Campos,"958 Berg Gardens Apt. 442, Aguilarport",NS-2025-10032,2025-10-28,2025-11-11,USD,,420.65,,0.0,,,420.65,,,,,,,,,,
INV-0034,INV-0034-digital_pdf,inv-0034_digital.pdf,invoice,embedded_text,,0.9216,High,Passed,0.0111,Copper & Pine Studio,"11 Quartz Street, Bellmere, AZ 85004",,,Jennifer Green,"51535 Monique Vista Suite 263, Port Jennifer",NS-2025-10033,2025-04-25,2025-05-25,USD,,359.97,,18.0,,,377.97,,,,,,,,,,
INV-0035,INV-0035-digital_pdf,inv-0035_digital.pdf,invoice,embedded_text,,0.9216,High,Passed,0.0101,Maple Circuit Goods,"260 Grove Avenue, Westvale, NY 10018",,,Laurie Thomas,"00619 Timothy Springs Suite 765, Jimmyberg",NS-2025-10034,2025-05-03,2025-06-02,USD,,186.69,,15.4,,,202.09,,,,,,,,,,
INV-0036,INV-0036-digital_pdf,inv-0036_digital.pdf,invoice,embedded_text,,0.9116,High,Review,0.0109,Northstar Paper Co.,"18 Willow Loop, Alder Bay, OR 97001",,,Keith Campos,"97144 Juan Road, Lake Coreymouth",NS-2025-10035,2025-11-01,2025-12-16,USD,,365.75,,27.43,,,393.18,,,,,,,,,,
INV-0039,INV-0039-digital_pdf,inv-0039_digital.pdf,invoice,embedded_text,,0.9116,High,Review,0.0109,Copper & Pine Studio,"11 Quartz Street, Bellmere, AZ 85004",,,Cassandra Petty,"3378 Michael Parkway Apt. 500, New Erica",NS-2025-10038,2025-01-27,2025-02-10,USD,,267.65,,22.08,,,289.73,,,,,,,,,,
INV-0001,INV-0001-image_png,inv-0001_slight_rotation.png,invoice,ocr,0.9919666118447036,0.9521,High,Passed,0.0086,Northstar Paper Co.,"18WillowLoop,AlderBay,OR97001",,,"Tracy Hayes 797GallagherCreek,Crosston Due:2025-02-07",QTY PRICE AMOUNT,NS-2025-10000,2025-01-24,2025-02-07,USD,,,,31.41,,,412.17,,,,,,,,,,
INV-0003,INV-0003-image_png,inv-0003_perspective.png,invoice,ocr,0.9956795299342048,0.9448,High,Review,0.01,Blue Finch Supplies,"409HarborLane,Fairhaven,ME04032",,,CourtneyWagner Date:2025-07-25,"9692Sosa Route,Davidsonstad Due:2025-08-24",NS-2025-10002,2025-07-25,2025-08-24,USD,,727.13,,59.99,,,787.12,,,,,,,,,,
INV-0005,INV-0005-image_png,inv-0005_jpeg_compression.png,invoice,ocr,0.9912962096661565,0.9298,High,Review,0.0089,MapleCircuitGoods,"260GroveAvenue,Westvale,NY10018",,,,,NS-2025-10004,2025-05-08,2025-06-22,USD,,251.78,,12.59,,,264.37,,,,,,,,,,
INV-0006,INV-0006-image_png,inv-0006_mild_blur.png,invoice,ocr,0.9893740296427322,0.9429,High,Review,0.0105,Northstar Paper Co.,"18WillowLoop,AlderBay,OR97001",,,RyanWebster Date:2025-10-01,"62320BoonePineSuite531,EastKevin Due:2025-11-15",NS-2025-10005,2025-10-01,2025-11-15,USD,,270.68,,13.53,,,284.21,,,,,,,,,,
INV-0007,INV-0007-image_png,inv-0007_mild_shadow.png,invoice,ocr,0.9754613429534704,0.9387,High,Review,0.0085,Juniper Office Works,"72 Cedar Walk, Lumen City, CO 80014",,,Mitchell Bell Date:2025-05-05,"829 Joseph Trafficway, Jerryton Due:2025-05-19",NS-2025-10006,2025-05-05,2025-05-19,USD,,121.22,,10.0,,,131.22,,,,,,,,,,
INV-0009,INV-0009-image_png,inv-0009_light_noise.png,invoice,ocr,0.9934376950627732,0.9304,High,Review,0.0106,Copper &PineStudio,"11QuartzStreet,Bellmere,AZ85004",,,,,NS-2025-10008,2025-04-18,2025-05-02,USD,,249.16,,18.69,,,267.85,,,,,,,,,,
INV-0010,INV-0010-image_png,inv-0010_perspective.png,invoice,ocr,0.992439059732266,0.9438,High,Review,0.0106,Maple Circuit Goods,"260GroveAvenue,Westvale,NY10018",,,Daniel Brooks Date:2025-05-29,"6812Clark Villages,Youngfort Due:2025-06-12",NS-2025-10009,2025-05-29,2025-06-12,USD,,539.29,,0.0,,,539.29,,,,,,,,,,
INV-0012,INV-0012-image_png,inv-0012_jpeg_compression.png,invoice,ocr,0.9866776457546695,0.9284,High,Review,0.0092,Juniper Office Works,"72CedarWalk,LumenCity,CO80014",,,,,NS-2025-10011,2025-06-13,2025-07-28,USD,,278.09,,20.86,,,298.95,,,,,,,,,,
INV-0014,INV-0014-image_png,inv-0014_mild_shadow.png,invoice,ocr,0.9796142253880551,0.94,High,Review,0.0104,Copper & Pine Studio,"11 Quartz Street, Bellmere, AZ 85004",,,Pamela Harrell Date:2025-09-26,"24999 Dixon Ramp, Solomonside Due: 2025-11-10",NS-2025-10013,2025-09-26,2025-11-10,USD,,353.77,,17.69,,,371.46,,,,,,,,,,
INV-0016,INV-0016-image_png,inv-0016_light_noise.png,invoice,ocr,0.9818448280793303,0.9406,High,Review,0.0112,Northstar Paper Co.,"18WillowLoop,AlderBay,OR97001",,,Tricia Fisher Date:2025-01-02,"58889AguirreCornerApt.499,LakeBrittany Due:2025-01-16",NS-2025-10015,2025-01-02,2025-01-16,USD,,448.62,,37.01,,,485.63,,,,,,,,,,
INV-0017,INV-0017-image_png,inv-0017_perspective.png,invoice,ocr,0.9921268006919419,0.9437,High,Review,0.0134,Juniper Office Works,"72 Cedar Walk, Lumen City, CO 80014",,,Regina Hicks Date:2025-06-04,"493JohnsonMountainsApt.828,SouthJenniferchester Due:2025-07-19",NS-2025-10016,2025-06-04,2025-07-19,USD,,122.29,,0.0,,,122.29,,,,,,,,,,
INV-0018,INV-0018-image_png,inv-0018_lower_contrast.png,invoice,ocr,0.9920238741446644,0.9437,High,Review,0.0109,Blue Finch Supplies,"409Harbor Lane,Fairhaven,ME04032",,,WilliamWatkins Date:2025-05-23,"8754ToniMountainsSuite030,PortStaceyville Due:2025-06-22",NS-2025-10017,2025-05-23,2025-06-22,USD,,213.94,,10.7,,,224.64,,,,,,,,,,
INV-0019,INV-0019-image_png,inv-0019_jpeg_compression.png,invoice,ocr,0.9873164074622688,0.9286,High,Review,0.0107,Copper & Pine Studio,"11QuartzStreet,Bellmere,AZ85004",,,,,NS-2025-10018,2025-04-04,2025-05-04,USD,,466.0,,38.45,,,504.45,,,,,,,,,,
INV-0020,INV-0020-image_png,inv-0020_mild_blur.png,invoice,ocr,0.9917051900374892,0.9436,High,Review,0.0094,Maple Circuit Goods,"260GroveAvenue,Westvale,NY10018",,,RaymondPerry Date:2025-10-31,"13245PatelStravenueSuite333,Davidmouth Due:2025-12-15",NS-2025-10019,2025-10-31,2025-12-15,USD,,219.54,,10.98,,,230.52,,,,,,,,,,
INV-0021,INV-0021-image_png,inv-0021_mild_shadow.png,invoice,ocr,0.977041594430088,0.9392,High,Review,0.0098,NorthstarPaper Co.,"18 WillowLoop, AlderBay, OR97001",,,Sandra Mcpherson Date:2025-06-24,"77098 Burton Mountain Suite 252, Port Paulport Due:2025-08-08",NS-2025-10020,2025-06-24,2025-08-08,USD,,532.83,,26.64,,,559.47,,,,,,,,,,
INV-0022,INV-0022-image_png,inv-0022_slight_rotation.png,invoice,ocr,0.9908155781667427,0.9517,High,Passed,0.0084,Juniper Office Works,"72CedarWalk,LumenCity,CO80014",,,"Nicholas Yang 5338BrittanyTrailSuite488,Gardnerview Due:2025-10-01",QTY PRICE AMOUNT,NS-2025-10021,2025-09-01,2025-10-01,USD,,,,12.8,,,168.01,,,,,,,,,,
INV-0023,INV-0023-image_png,inv-0023_light_noise.png,invoice,ocr,0.993286993025838,0.9541,High,Passed,0.01,Blue Finch Supplies,"409HarborLane,Fairhaven,ME04032",,,Joanna Frank Date:2025-01-20,"790MartinRiverApt.306,EastCassandraview Due:2025-02-03",NS-2025-10022,2025-01-20,2025-02-03,USD,,606.15,,0.0,,,606.15,,,,,,,,,,
INV-0024,INV-0024-image_png,inv-0024_perspective.png,invoice,ocr,0.9924892202029028,0.9538,High,Passed,0.0092,Copper & Pine Studio,"11QuartzStreet,Bellmere,AZ85004",,,Brian Gomez Date:2025-11-21,"7476Garcia RoadSuite770,Jacobville Due:2025-12-21",NS-2025-10023,2025-11-21,2025-12-21,USD,,216.14,,10.81,,,226.95,,,,,,,,,,
INV-0025,INV-0025-image_png,inv-0025_lower_contrast.png,invoice,ocr,0.9922072866766718,0.9078,High,Review,0.0086,Maple Circuit Goods,"260GroveAvenue,Westvale,NY10018",,,AlexandraWilliams Date:2025-09-21,"38882VictorSpur,Reginaldland Due:2025-10-05",NS-2025-10024,2025-09-21,2025-10-05,USD,,208.64,,0.0,,,208.64,,,,,,,,,,
INV-0026,INV-0026-image_png,inv-0026_jpeg_compression.png,invoice,ocr,0.9864594767070108,0.9283,High,Review,0.0092,Northstar Paper Co.,"18WillowLoop,AlderBay,OR97001",,,,,NS-2025-10025,2025-03-18,2025-04-17,USD,,282.76,,21.21,,,303.97,,,,,,,,,,
INV-0028,INV-0028-image_png,inv-0028_mild_shadow.png,invoice,ocr,0.9845652242639025,0.9415,High,Review,0.0083,Blue Finch Supplies,"409Harbor Lane,Fairhaven,ME04032",,,James Hernandez Date:2025-01-12,"00593 Laura Plaza Suite 939, Lake Carolyn Due:2025-01-26",NS-2025-10027,2025-01-12,2025-01-26,USD,,78.23,,6.45,,,84.68,,,,,,,,,,
INV-0029,INV-0029-image_png,inv-0029_slight_rotation.png,invoice,ocr,0.990446648185549,0.9516,High,Passed,0.0093,Copper & Pine Studio,"11QuartzStreet,Bellmere,AZ85004",,,"Kathleen Floyd 10637 Christopher Divide,Hayestown Due:2025-08-28",QTY PRICEAMOUNT,NS-2025-10028,2025-07-14,2025-08-28,USD,,,,12.82,,,183.71,,,,,,,,,,
INV-0030,INV-0030-image_png,inv-0030_light_noise.png,invoice,ocr,0.9924859586292367,0.9438,High,Review,0.0096,MapleCircuit Goods,"260GroveAvenue,Westvale,NY10018",,,JosephPeterson Date:2025-04-09,"288ChelseaCrest,Morrisfurt Due:2025-04-23",NS-2025-10029,2025-04-09,2025-04-23,USD,,248.38,,12.42,,,260.8,,,,,,,,,,
INV-0032,INV-0032-image_png,inv-0032_lower_contrast.png,invoice,ocr,0.9923978145567368,0.9438,High,Review,0.0099,Juniper Office Works,"72 Cedar Walk,Lumen City,CO 80014",,,JacobTrevino Date:2025-06-13,"04897Rachel Groves,SouthRichardborough Due:2025-06-27",NS-2025-10031,2025-06-13,2025-06-27,USD,,164.25,,0.0,,,164.25,,,,,,,,,,
INV-0033,INV-0033-image_png,inv-0033_jpeg_compression.png,invoice,ocr,0.9874246724126189,0.9286,High,Review,0.0088,Blue Finch Supplies,"409HarborLane,Fairhaven,ME04032",,,,,NS-2025-10032,2025-10-28,2025-11-11,USD,,420.65,,0.0,,,420.65,,,,,,,,,,
INV-0034,INV-0034-image_png,inv-0034_mild_blur.png,invoice,ocr,0.9909135045856581,0.9534,High,Passed,0.0093,Copper &PineStudio,"11QuartzStreet,Bellmere,AZ85004",,,JenniferGreen Date:2025-04-25,"51535MoniqueVistaSuite263,PortJennifer Due:2025-05-25",NS-2025-10033,2025-04-25,2025-05-25,USD,,359.97,,18.0,,,377.97,,,,,,,,,,
INV-0035,INV-0035-image_png,inv-0035_mild_shadow.png,invoice,ocr,0.9796193757309045,0.94,High,Review,0.0098,MapleCircuitGoods,"260GroveAvenue,Westvale,NY10018",,,Laurie Thomas Date:2025-05-03,"00619 Timothy Springs Suite765, Jimmyberg Due:2025-06-02",NS-2025-10034,2025-05-03,2025-06-02,USD,,186.69,,15.4,,,202.09,,,,,,,,,,
INV-0036,INV-0036-image_png,inv-0036_slight_rotation.png,invoice,ocr,0.9927634607518513,0.9523,High,Passed,0.0099,Northstar Paper Co.,"18WillowLoop,AlderBay,OR97001",,,"Keith Campos 97144JuanRoad,LakeCoreymouth Due:2025-12-16",QTY PRICE AMOUNT,NS-2025-10035,2025-11-01,2025-12-16,USD,,,,27.43,,,393.18,,,,,,,,,,
INV-0039,INV-0039-image_png,inv-0039_lower_contrast.png,invoice,ocr,0.9835431261267704,0.9412,High,Review,0.0103,Copper & Pine Studio,"11QuartzStreet,Bellmere,AZ85004",,,CassandraPetty Date:2025-01-27,"3378MichaelParkwayApt.500,NewErica Due:2025-02-10",NS-2025-10038,2025-01-27,2025-02-10,USD,,267.65,,22.08,,,289.73,,,,,,,,,,
RCT-0001,RCT-0001-image_jpg,rct-0001_lower_contrast.jpg,receipt,ocr,0.9904799955875788,0.9163,High,Review,0.0097,,,,,,,,,,USD,,36.5,,2.74,,,39.24,,Morning OakMarket,"15OrchardWay,Brookfield,VT05036",,RC-2501-5000,2025-01-05,,,,
RCT-0003,RCT-0003-image_jpg,rct-0003_mild_blur.jpg,receipt,ocr,0.9904362899098471,0.9163,High,Review,0.009,,,,,,,,,,USD,,115.6,,9.54,,,125.14,,HarborBasket,"203TideStreet,Seacliff,CA94016",,RC-2511-5002,2025-11-16,,,,
RCT-0005,RCT-0005-image_jpg,rct-0005_slight_rotation.jpg,receipt,ocr,0.9944046129612416,0.9274,High,Passed,0.0093,,,,,,,,,,USD,,174.19,,13.06,,,187.25,,Morning Oak Market,"15 Orchard Way,Brookfield,VT 05036",,RC-2505-5004,2025-05-17,,,,
RCT-0007,RCT-0007-image_jpg,rct-0007_perspective.jpg,receipt,ocr,0.9894417475577618,0.926,High,Passed,0.0499,,,,,,,,,,USD,,107.98,,5.4,,,113.38,,Harbor Basket,"203TideStreet,acliff,CA94016",,RC-2507-5006,2025-07-21,,,,
RCT-0008,RCT-0008-image_jpg,rct-0008_lower_contrast.jpg,receipt,ocr,0.9921501420770028,0.9168,High,Review,0.01,,,,,,,,,,USD,,55.61,,2.78,,,58.39,,Cobalt Corner Shop,"39PrismAvenue,Eastmere,IL60607",,RC-2503-5007,2025-03-17,,,,
RCT-0009,RCT-0009-image_jpg,rct-0009_jpeg_compression.jpg,receipt,ocr,0.9918420812579359,0.9267,High,Passed,0.0095,,,,,,,,,,USD,,194.73,,14.6,,,209.33,,Morning Oak Market,"15OrchardWay,Brookfield,VT05036",,RC-2510-5008,2025-10-16,,,,
RCT-0011,RCT-0011-image_jpg,rct-0011_mild_shadow.jpg,receipt,ocr,0.9596599505988226,0.8694,High,Review,0.0085,,,,,,,,,,USD,,50.18,,,,,53.94,,HarborBasket,203.TideStreet.SeacliffCA 94016,,RC-2503-5010,2025-03-31,,,,
RCT-0012,RCT-0012-image_jpg,rct-0012_slight_rotation.jpg,receipt,ocr,0.990406493520343,0.9262,High,Passed,0.0096,,,,,,,,,,USD,,82.2,,4.11,,,86.31,,Cobalt Corner Shop,"39PrismAvenue,Eastmere,IL60607",,RC-2505-5011,2025-05-22,,,,
RCT-0013,RCT-0013-image_jpg,rct-0013_light_noise.jpg,receipt,ocr,0.9946316233523501,0.9175,High,Review,0.0087,,,,,,,,,,USD,,59.28,,0.0,,,59.28,,Morning Oak Market,"15OrchardWay,Brookfield,VT05036",,RC-2509-5012,2025-09-13,,,,
RCT-0015,RCT-0015-image_jpg,rct-0015_lower_contrast.jpg,receipt,ocr,0.9902578940430674,0.9162,High,Review,0.01,,,,,,,,,,USD,,53.72,,0.0,,,53.72,,HarborBasket,"203TideStreet,Seacliff,CA94016",,RC-2507-5014,2025-07-09,,,,
RCT-0016,RCT-0016-image_jpg,rct-0016_jpeg_compression.jpg,receipt,ocr,0.9921430269271466,0.8808,High,Review,0.0089,,,,,,,,,,USD,,160.6,,0.0,,,160.6,,CobaltCornerShop,"39PrismAvenue,Eastmere,IL60607",,RC-2501-5015,2025-01-30,,,,
RCT-0017,RCT-0017-image_jpg,rct-0017_mild_blur.jpg,receipt,ocr,0.9891399873950336,0.9259,High,Passed,0.0086,,,,,,,,,,USD,,87.22,,0.0,,,87.22,,Morning Oak Market,"15OrchardWay,Brookfield,VT05036",,RC-2507-5016,2025-07-03,,,,
RCT-0018,RCT-0018-image_jpg,rct-0018_mild_shadow.jpg,receipt,ocr,0.9791327924526669,0.8752,High,Review,0.009,,,,,,,,,,USD,,89.41,,,,,93.88,,Little Lantern Cafe,"88 Crescent Road, Pinecross, WA 98104",,RC-2503-5017,2025-03-31,,,,
RCT-0019,RCT-0019-image_jpg,rct-0019_slight_rotation.jpg,receipt,ocr,0.9943451245788769,0.9274,High,Passed,0.0081,,,,,,,,,,USD,,111.58,,8.37,,,119.95,,Harbor Basket,"203TideStreet,Seacliff,CA94016",,RC-2505-5018,2025-05-21,,,,
RCT-0020,RCT-0020-image_jpg,rct-0020_light_noise.jpg,receipt,ocr,0.9946682940017505,0.9175,High,Review,0.0086,,,,,,,,,,USD,,36.55,,2.74,,,39.29,,Cobalt Corner Shop,"39PrismAvenue,Eastmere,IL60607",,RC-2501-5019,2025-01-09,,,,
RCT-0023,RCT-0023-image_jpg,rct-0023_jpeg_compression.jpg,receipt,ocr,0.9817433603232163,0.9236,High,Passed,0.0087,,,,,,,,,,USD,,163.49,,13.49,,,176.98,,HarborBasket,"203TideStreet,Seacliff,CA94016",,RC-2508-5022,2025-08-06,,,,
RCT-0024,RCT-0024-image_jpg,rct-0024_mild_blur.jpg,receipt,ocr,0.9924245697816056,0.9269,High,Passed,0.0091,,,,,,,,,,USD,,102.27,,8.44,,,110.71,,Cobalt Corner Shop,"39PrismAvenue,Eastmere,IL60607",,RC-2510-5023,2025-10-16,,,,
RCT-0026,RCT-0026-image_jpg,rct-0026_slight_rotation.jpg,receipt,ocr,0.9942352977386087,0.9274,High,Passed,0.0095,,,,,,,,,,USD,,47.88,,2.39,,,50.27,,Little Lantern Cafe,"88CrescentRoad,Pinecross,WA98104",,RC-2511-5025,2025-11-16,,,,
RCT-0027,RCT-0027-image_jpg,rct-0027_light_noise.jpg,receipt,ocr,0.9954935004205989,0.9278,High,Passed,0.0093,,,,,,,,,,USD,,102.55,,8.46,,,111.01,,Harbor Basket,"203TideStreet,Seacliff,CA94016",,RC-2509-5026,2025-09-03,,,,
RCT-0029,RCT-0029-image_jpg,rct-0029_lower_contrast.jpg,receipt,ocr,0.988739481281152,0.9241,High,Passed,0.0087,,,,,,,,,,USD,,90.85,,,,,95.39,,Morning Oak Market,"15OrchardWay,Brookfield,VT05036",,RC-2508-5028,2025-08-13,,,,
RCT-0001,RCT-0001-digital_pdf,rct-0001_digital.pdf,receipt,embedded_text,,0.9041,High,Review,0.0091,,,,,,,,,,USD,,36.5,,2.74,,,39.24,,Morning Oak Market,"15 Orchard Way, Brookfield, VT 05036",,RC-2501-5000,2025-01-05,,,,
RCT-0003,RCT-0003-digital_pdf,rct-0003_digital.pdf,receipt,embedded_text,,0.9041,High,Review,0.0109,,,,,,,,,,USD,,115.6,,9.54,,,125.14,,Harbor Basket,"203 Tide Street, Seacliff, CA 94016",,RC-2511-5002,2025-11-16,,,,
RCT-0005,RCT-0005-digital_pdf,rct-0005_digital.pdf,receipt,embedded_text,,0.9141,High,Passed,0.0098,,,,,,,,,,USD,,174.19,,13.06,,,187.25,,Morning Oak Market,"15 Orchard Way, Brookfield, VT 05036",,RC-2505-5004,2025-05-17,,,,
RCT-0007,RCT-0007-digital_pdf,rct-0007_digital.pdf,receipt,embedded_text,,0.9141,High,Passed,0.0105,,,,,,,,,,USD,,107.98,,5.4,,,113.38,,Harbor Basket,"203 Tide Street, Seacliff, CA 94016",,RC-2507-5006,2025-07-21,,,,
RCT-0008,RCT-0008-digital_pdf,rct-0008_digital.pdf,receipt,embedded_text,,0.9141,High,Passed,0.0103,,,,,,,,,,USD,,55.61,,2.78,,,58.39,,Cobalt Corner Shop,"39 Prism Avenue, Eastmere, IL 60607",,RC-2503-5007,2025-03-17,,,,
RCT-0009,RCT-0009-digital_pdf,rct-0009_digital.pdf,receipt,embedded_text,,0.9141,High,Passed,0.0096,,,,,,,,,,USD,,194.73,,14.6,,,209.33,,Morning Oak Market,"15 Orchard Way, Brookfield, VT 05036",,RC-2510-5008,2025-10-16,,,,
RCT-0011,RCT-0011-digital_pdf,rct-0011_digital.pdf,receipt,embedded_text,,0.8681,High,Review,0.0097,,,,,,,,,,USD,,50.18,,3.76,,,53.94,,Harbor Basket,"203 Tide Street, Seacliff, CA 94016",,RC-2503-5010,2025-03-31,,,,
RCT-0012,RCT-0012-digital_pdf,rct-0012_digital.pdf,receipt,embedded_text,,0.9141,High,Passed,0.0095,,,,,,,,,,USD,,82.2,,4.11,,,86.31,,Cobalt Corner Shop,"39 Prism Avenue, Eastmere, IL 60607",,RC-2505-5011,2025-05-22,,,,
RCT-0013,RCT-0013-digital_pdf,rct-0013_digital.pdf,receipt,embedded_text,,0.9141,High,Passed,0.0149,,,,,,,,,,USD,,59.28,,0.0,,,59.28,,Morning Oak Market,"15 Orchard Way, Brookfield, VT 05036",,RC-2509-5012,2025-09-13,,,,
RCT-0015,RCT-0015-digital_pdf,rct-0015_digital.pdf,receipt,embedded_text,,0.9141,High,Passed,0.0135,,,,,,,,,,USD,,53.72,,0.0,,,53.72,,Harbor Basket,"203 Tide Street, Seacliff, CA 94016",,RC-2507-5014,2025-07-09,,,,
RCT-0016,RCT-0016-digital_pdf,rct-0016_digital.pdf,receipt,embedded_text,,0.8681,High,Review,0.0113,,,,,,,,,,USD,,160.6,,0.0,,,160.6,,Cobalt Corner Shop,"39 Prism Avenue, Eastmere, IL 60607",,RC-2501-5015,2025-01-30,,,,
RCT-0017,RCT-0017-digital_pdf,rct-0017_digital.pdf,receipt,embedded_text,,0.9141,High,Passed,0.0099,,,,,,,,,,USD,,87.22,,0.0,,,87.22,,Morning Oak Market,"15 Orchard Way, Brookfield, VT 05036",,RC-2507-5016,2025-07-03,,,,
RCT-0018,RCT-0018-digital_pdf,rct-0018_digital.pdf,receipt,embedded_text,,0.9141,High,Passed,0.0124,,,,,,,,,,USD,,89.41,,4.47,,,93.88,,Little Lantern Cafe,"88 Crescent Road, Pinecross, WA 98104",,RC-2503-5017,2025-03-31,,,,
RCT-0019,RCT-0019-digital_pdf,rct-0019_digital.pdf,receipt,embedded_text,,0.9141,High,Passed,0.0106,,,,,,,,,,USD,,111.58,,8.37,,,119.95,,Harbor Basket,"203 Tide Street, Seacliff, CA 94016",,RC-2505-5018,2025-05-21,,,,
RCT-0020,RCT-0020-digital_pdf,rct-0020_digital.pdf,receipt,embedded_text,,0.9041,High,Review,0.0098,,,,,,,,,,USD,,36.55,,2.74,,,39.29,,Cobalt Corner Shop,"39 Prism Avenue, Eastmere, IL 60607",,RC-2501-5019,2025-01-09,,,,
RCT-0023,RCT-0023-digital_pdf,rct-0023_digital.pdf,receipt,embedded_text,,0.9141,High,Passed,0.0118,,,,,,,,,,USD,,163.49,,13.49,,,176.98,,Harbor Basket,"203 Tide Street, Seacliff, CA 94016",,RC-2508-5022,2025-08-06,,,,
RCT-0024,RCT-0024-digital_pdf,rct-0024_digital.pdf,receipt,embedded_text,,0.9141,High,Passed,0.0103,,,,,,,,,,USD,,102.27,,8.44,,,110.71,,Cobalt Corner Shop,"39 Prism Avenue, Eastmere, IL 60607",,RC-2510-5023,2025-10-16,,,,
RCT-0026,RCT-0026-digital_pdf,rct-0026_digital.pdf,receipt,embedded_text,,0.9141,High,Passed,0.0095,,,,,,,,,,USD,,47.88,,2.39,,,50.27,,Little Lantern Cafe,"88 Crescent Road, Pinecross, WA 98104",,RC-2511-5025,2025-11-16,,,,
RCT-0027,RCT-0027-digital_pdf,rct-0027_digital.pdf,receipt,embedded_text,,0.9141,High,Passed,0.0128,,,,,,,,,,USD,,102.55,,8.46,,,111.01,,Harbor Basket,"203 Tide Street, Seacliff, CA 94016",,RC-2509-5026,2025-09-03,,,,
RCT-0029,RCT-0029-digital_pdf,rct-0029_digital.pdf,receipt,embedded_text,,0.9141,High,Passed,0.0122,,,,,,,,,,USD,,90.85,,4.54,,,95.39,,Morning Oak Market,"15 Orchard Way, Brookfield, VT 05036",,RC-2508-5028,2025-08-13,,,,
RCT-0001,RCT-0001-image_png,rct-0001_mild_blur.png,receipt,ocr,0.9912399994782515,0.8805,High,Review,0.0091,,,,,,,,,,USD,,36.5,,2.74,,,39.24,,Morning OakMarket,"15OrchardWay,Brookfield,VT05036",,RC-2501-5000,2025-01-05,,,,
RCT-0003,RCT-0003-image_png,rct-0003_slight_rotation.png,receipt,ocr,0.9930569729975988,0.917,High,Review,0.0101,,,,,,,,,,USD,,115.6,,9.54,,,125.14,,Harbor Basket,"203TideStreet,Seacliff,CA94016",,RC-2511-5002,2025-11-16,,,,
RCT-0005,RCT-0005-image_png,rct-0005_perspective.png,receipt,ocr,0.9946571933474122,0.9275,High,Passed,0.0089,,,,,,,,,,USD,,174.19,,13.06,,,187.25,,Morning Oak Market,"15 Orchard Way,Brookfield,VT 05036",,RC-2505-5004,2025-05-17,,,,
RCT-0007,RCT-0007-image_png,rct-0007_jpeg_compression.png,receipt,ocr,0.9904566435738692,0.9263,High,Passed,0.0086,,,,,,,,,,USD,,107.98,,5.4,,,113.38,,Harbor Basket,"203TideStreet,Seacliff,CA94016",,RC-2507-5006,2025-07-21,,,,
RCT-0008,RCT-0008-image_png,rct-0008_mild_blur.png,receipt,ocr,0.9942331979770038,0.9174,High,Review,0.0089,,,,,,,,,,USD,,55.61,,2.78,,,58.39,,CobaltCornerShop,"39PrismAvenue,Eastmere,IL60607",,RC-2503-5007,2025-03-17,,,,
RCT-0009,RCT-0009-image_png,rct-0009_mild_shadow.png,receipt,ocr,0.9716293235076566,0.873,High,Review,0.0083,,,,,,,,,,USD,,194.73,,,,,209.33,,MorningOak Market,"15 Orchard Way, Brookfield,VT 05036",,RC-2510-5008,2025-10-16,,,,
RCT-0011,RCT-0011-image_png,rct-0011_light_noise.png,receipt,ocr,0.9937792765277164,0.8813,High,Review,0.0085,,,,,,,,,,USD,,50.18,,3.76,,,53.94,,Harbor Basket,"203TideStreet,Seacliff,CA94016",,RC-2503-5010,2025-03-31,,,,
RCT-0012,RCT-0012-image_png,rct-0012_perspective.png,receipt,ocr,0.9921131193175238,0.9268,High,Passed,0.0083,,,,,,,,,,USD,,82.2,,4.11,,,86.31,,Cobalt Corner Shop,"39PrismAvenue,Eastmere,IL60607",,RC-2505-5011,2025-05-22,,,,
RCT-0013,RCT-0013-image_png,rct-0013_lower_contrast.png,receipt,ocr,0.9915997740886132,0.9166,High,Review,0.0093,,,,,,,,,,USD,,59.28,,0.0,,,59.28,,Morning Oak Market,"15OrchardWay,Brookfield,VT05036",,RC-2509-5012,2025-09-13,,,,
RCT-0015,RCT-0015-image_png,rct-0015_mild_blur.png,receipt,ocr,0.9953574380160568,0.9177,High,Review,0.0091,,,,,,,,,,USD,,53.72,,0.0,,,53.72,,HarborBasket,"203TideStreet,Seacliff,CA94016",,RC-2507-5014,2025-07-09,,,,
RCT-0016,RCT-0016-image_png,rct-0016_mild_shadow.png,receipt,ocr,0.9825549747884808,0.8779,High,Review,0.0094,,,,,,,,,,USD,,160.6,,0.0,,,160.6,,Cobalt Corner Shop,"39 Prism Avenue, Eastmere, IL 60607",,RC-2501-5015,2025-01-30,,,,
RCT-0017,RCT-0017-image_png,rct-0017_slight_rotation.png,receipt,ocr,0.9956678655700316,0.9278,High,Passed,0.0086,,,,,,,,,,USD,,87.22,,0.0,,,87.22,,Morning Oak Market,"15 Orchard Way, Brookfield, VT 05036",,RC-2507-5016,2025-07-03,,,,
RCT-0018,RCT-0018-image_png,rct-0018_light_noise.png,receipt,ocr,0.9950078970752668,0.9276,High,Passed,0.0107,,,,,,,,,,USD,,89.41,,4.47,,,93.88,,Little Lantern Cafe,"88CrescentRoad,Pinecross,WA98104",,RC-2503-5017,2025-03-31,,,,
RCT-0019,RCT-0019-image_png,rct-0019_perspective.png,receipt,ocr,0.99203917776204,0.9267,High,Passed,0.0102,,,,,,,,,,USD,,111.58,,8.37,,,119.95,,Harbor Basket,"203TideStreet,Seacliff,CA94016",,RC-2505-5018,2025-05-21,,,,
RCT-0020,RCT-0020-image_png,rct-0020_lower_contrast.png,receipt,ocr,0.9948422849396648,0.8816,High,Review,0.0088,,,,,,,,,,USD,,36.55,,2.74,,,39.29,,Cobalt Corner Shop,"39PrismAvenue,Eastmere,IL60607",,RC-2501-5019,2025-01-09,,,,
RCT-0023,RCT-0023-image_png,rct-0023_mild_shadow.png,receipt,ocr,0.9819548978164893,0.8777,High,Review,0.01,,,,,,,,,,USD,,163.49,,13.49,,,176.98,,HarborBasket,"203 TideStreet,Seaclif,CA94016",,RC-2508-5022,2025-08-06,,,,
RCT-0024,RCT-0024-image_png,rct-0024_slight_rotation.png,receipt,ocr,0.9872449188366749,0.9253,High,Passed,0.0098,,,,,,,,,,USD,,102.27,,8.44,,,110.71,,Cobalt Corner Shop,"39 Prism Avenue,Eastmere,IL 60607",,RC-2510-5023,2025-10-16,,,,
RCT-0026,RCT-0026-image_png,rct-0026_perspective.png,receipt,ocr,0.9740548448837647,0.9197,High,Passed,0.0085,,,,,,,,,,USD,,47.88,,,,,50.27,,Little Lantern Cafe,"88CrescentRoad,Pinecross,WA98104",,RC-2511-5025,2025-11-16,,,,
RCT-0027,RCT-0027-image_png,rct-0027_lower_contrast.png,receipt,ocr,0.9917016852068508,0.9266,High,Passed,0.0104,,,,,,,,,,USD,,102.55,,8.46,,,111.01,,Harbor Basket,"203TideStreet,Seacliff,CA94016",,RC-2509-5026,2025-09-03,,,,
RCT-0029,RCT-0029-image_png,rct-0029_mild_blur.png,receipt,ocr,0.9937380779169148,0.9272,High,Passed,0.0089,,,,,,,,,,USD,,90.85,,4.54,,,95.39,,Morning Oak Market,"15OrchardWay,Brookfield,VT05036",,RC-2508-5028,2025-08-13,,,,
INV-0001,INV-0001-scanned_pdf,inv-0001_lower_contrast.pdf,invoice,ocr,0.9886055280104877,0.929,High,Review,0.0113,Northstar Paper Co.,"18WillowLoop,AlderBay,OR97001",,,,,NS-2025-10000,2025-01-24,2025-02-07,USD,,380.76,,31.41,,,412.17,,,,,,,,,,
INV-0003,INV-0003-scanned_pdf,inv-0003_mild_blur.pdf,invoice,ocr,0.9921100299206487,0.94,High,Passed,0.0112,Blue Finch Supplies,"409HarborLane,Fairhaven,ME04032",,,,,NS-2025-10002,2025-07-25,2025-08-24,USD,,727.13,,59.99,,,787.12,,,,,,,,,,
INV-0005,INV-0005-scanned_pdf,inv-0005_slight_rotation.pdf,invoice,ocr,0.9884398925130993,0.9377,High,Passed,0.0105,Maple Circuit Goods,"260GroveAvenue,Westvale,NY10018",,,,,NS-2025-10004,2025-05-08,2025-06-22,USD,,,,12.59,,,264.37,,,,,,,,,,
INV-0006,INV-0006-scanned_pdf,inv-0006_light_noise.pdf,invoice,ocr,0.9882878527148772,0.9426,High,Review,0.0121,Northstar Paper Co.,"18WillowLoop,AlderBay,OR97001",,,RyanWebster Date:2025-10-01,"62320BoonePineSuite531,EastKevin Due:2025-11-15",NS-2025-10005,2025-10-01,2025-11-15,USD,,270.68,,13.53,,,284.21,,,,,,,,,,
INV-0007,INV-0007-scanned_pdf,inv-0007_perspective.pdf,invoice,ocr,0.9857373769196353,0.9281,High,Review,0.0098,Juniper Office Works,"72CedarWalk,LumenCity，O80014",,,,,NS-2025-10006,2025-05-05,2025-05-19,USD,,121.22,,10.0,,,131.22,,,,,,,,,,
INV-0009,INV-0009-scanned_pdf,inv-0009_jpeg_compression.pdf,invoice,ocr,0.9917639061129192,0.9299,High,Review,0.0092,Copper&PineStudio,"11QuartzStreet,Bellmere,AZ85004",,,,,NS-2025-10008,2025-04-18,2025-05-02,USD,,249.16,,18.69,,,267.85,,,,,,,,,,
INV-0010,INV-0010-scanned_pdf,inv-0010_mild_blur.pdf,invoice,ocr,0.9863706640141373,0.9283,High,Review,0.0103,MapleCircuitGoods,"260GroveAvenue,Westvale,NY10018",,,,,NS-2025-10009,2025-05-29,2025-06-12,USD,,539.29,,0.0,,,539.29,,,,,,,,,,
INV-0012,INV-0012-scanned_pdf,inv-0012_slight_rotation.pdf,invoice,ocr,0.9880862524917293,0.9376,High,Passed,0.009,Juniper Office Works,"72CedarWalk,LumenCity,CO80014",,,,,NS-2025-10011,2025-06-13,2025-07-28,USD,,,,20.86,,,298.95,,,,,,,,,,
INV-0014,INV-0014-scanned_pdf,inv-0014_perspective.pdf,invoice,ocr,0.9913252774768495,0.9298,High,Review,0.0111,Copper&PineStudio,"11QuartzStreet,Bellmere,AZ85004",,,,,NS-2025-10013,2025-09-26,2025-11-10,USD,,353.77,,17.69,,,371.46,,,,,,,,,,
INV-0016,INV-0016-scanned_pdf,inv-0016_jpeg_compression.pdf,invoice,ocr,0.9863826569972929,0.9283,High,Review,0.0123,Northstar Paper Co.,"18WillowLoop.AlderBay,OR97001",,,,,NS-2025-10015,2025-01-02,2025-01-16,USD,,448.62,,37.01,,,485.63,,,,,,,,,,
INV-0017,INV-0017-scanned_pdf,inv-0017_mild_blur.pdf,invoice,ocr,0.9831680765012785,0.9273,High,Review,0.0096,Juniper OfficeWorks,"72CedarWalk,LumenCity,CO80014",,,,,NS-2025-10016,2025-06-04,2025-07-19,USD,,122.29,,0.0,,,122.29,,,,,,,,,,
INV-0018,INV-0018-scanned_pdf,inv-0018_mild_shadow.pdf,invoice,ocr,0.9799927397055161,0.9401,High,Review,0.0109,BlueFinchSupplies,409 Harbor LaneFairhavenME 04032,,,William Watkins Date:2025-05-23,"8754Toni MountainsSuite030,PortStaceyville Due: 2025-06-22",NS-2025-10017,2025-05-23,2025-06-22,USD,,213.94,,10.7,,,224.64,,,,,,,,,,
INV-0019,INV-0019-scanned_pdf,inv-0019_slight_rotation.pdf,invoice,ocr,0.9899997562818804,0.9381,High,Passed,0.0119,Copper & Pine Studio,"11QuartzStreet,Belmere,AZ85004",,,,,NS-2025-10018,2025-04-04,2025-05-04,USD,,,,38.45,,,504.45,,,,,,,,,,
INV-0020,INV-0020-scanned_pdf,inv-0020_light_noise.pdf,invoice,ocr,0.9904413461489819,0.9432,High,Review,0.0101,Maple Circuit Goods,"260GroveAvenue,Westvale,NY10018",,,RaymondPerry Date:2025-10-31,"13245PatelStravenueSuite333,Davidmouth Due:2025-12-15",NS-2025-10019,2025-10-31,2025-12-15,USD,,219.54,,10.98,,,230.52,,,,,,,,,,
INV-0021,INV-0021-scanned_pdf,inv-0021_perspective.pdf,invoice,ocr,0.9904280845018287,0.9295,High,Review,0.0108,NorthstarPaper Co.,"18WillowLoop,AlderBay,OR97001",,,,,NS-2025-10020,2025-06-24,2025-08-08,USD,,532.83,,26.64,,,559.47,,,,,,,,,,
INV-0022,INV-0022-scanned_pdf,inv-0022_lower_contrast.pdf,invoice,ocr,0.9886593744617806,0.929,High,Review,0.0095,Juniper Office Works,"72CedarWalk,LumenCity,CO80014",,,,,NS-2025-10021,2025-09-01,2025-10-01,USD,,155.21,,12.8,,,168.01,,,,,,,,,,
INV-0023,INV-0023-scanned_pdf,inv-0023_jpeg_compression.pdf,invoice,ocr,0.9906416373268723,0.9396,High,Passed,0.0098,Blue Finch Supplies,"409HarborLane,Fairhaven,ME04032",,,,,NS-2025-10022,2025-01-20,2025-02-03,USD,,606.15,,0.0,,,606.15,,,,,,,,,,
INV-0024,INV-0024-scanned_pdf,inv-0024_mild_blur.pdf,invoice,ocr,0.989109561756853,0.9391,High,Passed,0.0126,Copper&PineStudio,"11QuartzStreet,Bellmere,AZ85004",,,,,NS-2025-10023,2025-11-21,2025-12-21,USD,,216.14,,10.81,,,226.95,,,,,,,,,,
INV-0025,INV-0025-scanned_pdf,inv-0025_mild_shadow.pdf,invoice,ocr,0.9743476518052583,0.9024,High,Review,0.0154,MapleCircuitGoods,260GroveAvenueWestvaleNY10018,,,AlexandraWilliams Date:2025-09-21,"38882VictorSpur,Reginaldland Due:2025-10-05",NS-2025-10024,2025-09-21,2025-10-05,USD,,208.64,,0.0,,,208.64,,,,,,,,,,
INV-0026,INV-0026-scanned_pdf,inv-0026_slight_rotation.pdf,invoice,ocr,0.9906594818663375,0.9383,High,Passed,0.0095,Northstar Paper Co.,"18WillowLoop,AlderBay,OR97001",,,,,NS-2025-10025,2025-03-18,2025-04-17,USD,,,,21.21,,,303.97,,,,,,,,,,
INV-0028,INV-0028-scanned_pdf,inv-0028_perspective.pdf,invoice,ocr,0.9908880028239129,0.9297,High,Review,0.0102,Blue Finch Supplies,"409HarborLane,Fairhaven,ME04032",,,,,NS-2025-10027,2025-01-12,2025-01-26,USD,,78.23,,6.45,,,84.68,,,,,,,,,,
INV-0029,INV-0029-scanned_pdf,inv-0029_lower_contrast.pdf,invoice,ocr,0.9863261612831393,0.9283,High,Review,0.0098,Copper & Pine Studio,"11QuartzStreet,Bellmere,AZ85004",,,,,NS-2025-10028,2025-07-14,2025-08-28,USD,,170.89,,12.82,,,183.71,,,,,,,,,,
INV-0030,INV-0030-scanned_pdf,inv-0030_jpeg_compression.pdf,invoice,ocr,0.9858484637658999,0.9281,High,Review,0.0097,MapleCircuitGoods,"260GroveAvenue,Westvale,NY10018",,,,,NS-2025-10029,2025-04-09,2025-04-23,USD,,248.38,,12.42,,,260.8,,,,,,,,,,
INV-0032,INV-0032-scanned_pdf,inv-0032_mild_shadow.pdf,invoice,ocr,0.9710838090950894,0.8998,High,Review,0.0101,Juniper Office Works,"72 Cedar Walk, Lumen City, CO 80014",,,Jacob Trevino Date:2025-06-13,"04897 Rachel Groves, South Richardborough Due:2025-06-27",NS-2025-1003,2025-06-13,2025-06-27,USD,,,,0.0,,,164.25,,,,,,,,,,
INV-0033,INV-0033-scanned_pdf,inv-0033_slight_rotation.pdf,invoice,ocr,0.9844830188331342,0.9365,High,Passed,0.0097,Blue Finch Supplies,"409HarborLane,Fairhaven,ME04032",,,,,NS-2025-10032,2025-10-28,2025-11-11,USD,,,,0.0,,,420.65,,,,,,,,,,
INV-0034,INV-0034-scanned_pdf,inv-0034_light_noise.pdf,invoice,ocr,0.9912793644154986,0.9535,High,Passed,0.0097,Copper &PineStudio,"11QuartzStreet,Bellmere,AZ85004",,,JenniferGreen Date:2025-04-25,"51535MoniqueVistaSuite263,PortJennifer Due:2025-05-25",NS-2025-10033,2025-04-25,2025-05-25,USD,,359.97,,18.0,,,377.97,,,,,,,,,,
INV-0035,INV-0035-scanned_pdf,inv-0035_perspective.pdf,invoice,ocr,0.9891395972332692,0.9291,High,Review,0.0099,MapleCircuitGoods,"260GroveAvenue,Westvale,NY10018",,,,,NS-2025-10034,2025-05-03,2025-06-02,USD,,186.69,,15.4,,,202.09,,,,,,,,,,
INV-0036,INV-0036-scanned_pdf,inv-0036_lower_contrast.pdf,invoice,ocr,0.986691254424422,0.9284,High,Review,0.0095,Northstar Paper Co.,"18WillowLoop,AlderBay,OR97001",,,,,NS-2025-10035,2025-11-01,2025-12-16,USD,,365.75,,27.43,,,393.18,,,,,,,,,,
INV-0039,INV-0039-scanned_pdf,inv-0039_mild_shadow.pdf,invoice,ocr,0.9884275402435735,0.905,High,Review,0.0115,Copper & Pine Studio,"11QuartzStreet,Bellmere,AZ85004",,,Cassandra Petty Date:2025-01-27,"3378MichaelParkwayApt.500,NewErica Due:2025-02-10",NS-2025-10038,2025-01-27,2025-02-10,USD,,,,22.08,,,289.73,,,,,,,,,,
RCT-0001,RCT-0001-scanned_pdf,rct-0001_light_noise.pdf,receipt,ocr,0.9733543460026403,0.8751,High,Review,0.0092,,,,,,,,,,USD,,36.5,,2.74,,,39.24,,Morning OakMarket,"15OrchardWay,Brookfield,VT05036",,RC-2501-5000,2025-01-05,,,,
RCT-0003,RCT-0003-scanned_pdf,rct-0003_lower_contrast.pdf,receipt,ocr,0.9905459297131748,0.9163,High,Review,0.0092,,,,,,,,,,USD,,115.6,,9.54,,,125.14,,HarborBasket,"203TideStreet,Seacliff,CA94016",,RC-2511-5002,2025-11-16,,,,
RCT-0005,RCT-0005-scanned_pdf,rct-0005_mild_blur.pdf,receipt,ocr,0.9891292576430412,0.9259,High,Passed,0.0105,,,,,,,,,,USD,,174.19,,13.06,,,187.25,,Morning OakMarket,"15OrchardWay,Brookfield,VT05036",,RC-2505-5004,2025-05-17,,,,
RCT-0007,RCT-0007-scanned_pdf,rct-0007_slight_rotation.pdf,receipt,ocr,0.9863707533715942,0.925,High,Passed,0.01,,,,,,,,,,USD,,107.98,,5.4,,,113.38,,Harbor Basket,203TideStreetSacliffCA94016,,RC-2507-5006,2025-07-21,,,,
RCT-0008,RCT-0008-scanned_pdf,rct-0008_light_noise.pdf,receipt,ocr,0.9941995684032513,0.9174,High,Review,0.0106,,,,,,,,,,USD,,55.61,,2.78,,,58.39,,CobaltCornerShop,"39PrismAvenue,Eastmere,IL60607",,RC-2503-5007,2025-03-17,,,,
RCT-0009,RCT-0009-scanned_pdf,rct-0009_perspective.pdf,receipt,ocr,0.987956411504642,0.9255,High,Passed,0.0095,,,,,,,,,,USD,,194.73,,14.6,,,209.33,,Morning Oak Market,"15OrchardWay,Brookfield,T05036",,RC-2510-5008,2025-10-16,,,,
RCT-0011,RCT-0011-scanned_pdf,rct-0011_jpeg_compression.pdf,receipt,ocr,0.9934686814898253,0.8812,High,Review,0.0085,,,,,,,,,,USD,,50.18,,3.76,,,53.94,,HarborBasket,"203TideStreet,Seacliff,CA94016",,RC-2503-5010,2025-03-31,,,,
RCT-0012,RCT-0012-scanned_pdf,rct-0012_mild_blur.pdf,receipt,ocr,0.9907546350884407,0.9264,High,Passed,0.0107,,,,,,,,,,USD,,82.2,,4.11,,,86.31,,CobaltCornerShop,"39PrismAvenue,Eastmere,IL60607",,RC-2505-5011,2025-05-22,,,,
RCT-0013,RCT-0013-scanned_pdf,rct-0013_mild_shadow.pdf,receipt,ocr,0.9623903940582533,0.9141,High,Passed,0.0097,,,,,,,,,,USD,,59.28,,,,,,,Morning Oak Market,15 Orchard Way Brookfield VT 05036,,RC-2509-5012,2025-09-13,,,,
RCT-0015,RCT-0015-scanned_pdf,rct-0015_light_noise.pdf,receipt,ocr,0.9930127177323923,0.917,High,Review,0.0106,,,,,,,,,,USD,,53.72,,0.0,,,53.72,,HarborBasket,"203TideStreet,Seacliff,CA94016",,RC-2507-5014,2025-07-09,,,,
RCT-0016,RCT-0016-scanned_pdf,rct-0016_perspective.pdf,receipt,ocr,0.993340079429195,0.8811,High,Review,0.0095,,,,,,,,,,USD,,160.6,,0.0,,,160.6,,CobaltCornerShop,"39PrismAvenue,Eastmere,IL60607",,RC-2501-5015,2025-01-30,,,,
RCT-0017,RCT-0017-scanned_pdf,rct-0017_lower_contrast.pdf,receipt,ocr,0.979913191869685,0.9215,High,Passed,0.0089,,,,,,,,,,USD,,87.22,,,,,87.22,,Morning Oak Market,"15OrchardWay,Brookfield,VT05036",,RC-2507-5016,2025-07-03,,,,
RCT-0018,RCT-0018-scanned_pdf,rct-0018_jpeg_compression.pdf,receipt,ocr,0.990272192611155,0.9262,High,Passed,0.0095,,,,,,,,,,USD,,89.41,,4.47,,,93.88,,Little Lantern Cafe,"88CrescentRoad,Pinecross,WA98104",,RC-2503-5017,2025-03-31,,,,
RCT-0019,RCT-0019-scanned_pdf,rct-0019_mild_blur.pdf,receipt,ocr,0.9891118218477736,0.9259,High,Passed,0.0086,,,,,,,,,,USD,,111.58,,8.37,,,119.95,,HarborBasket,"203TideStreet,Seacliff,CA94016",,RC-2505-5018,2025-05-21,,,,
RCT-0020,RCT-0020-scanned_pdf,rct-0020_mild_shadow.pdf,receipt,ocr,0.9445243789338503,0.9025,High,Review,0.0132,,,,,,,,,,USD,,36.55,,2.74,,,39.29,,Cobalt Corner Shop,"39 Prism Avenue, Eastmere, IL 60607",,RC-2501-5019,2025-01-09,,,,
RCT-0023,RCT-0023-scanned_pdf,rct-0023_perspective.pdf,receipt,ocr,0.9910282779966156,0.9264,High,Passed,0.0149,,,,,,,,,,USD,,163.49,,13.49,,,176.98,,HarborBasket,"203TideStreet,Seacliff,CA94016",,RC-2508-5022,2025-08-06,,,,
RCT-0024,RCT-0024-scanned_pdf,rct-0024_lower_contrast.pdf,receipt,ocr,0.9861791837396312,0.925,High,Passed,0.0104,,,,,,,,,,USD,,102.27,,8.44,,,110.71,,Cobalt Corner Shop,"39Prism Avenue,Eastmere,IL60607",,RC-2510-5023,2025-10-16,,,,
RCT-0026,RCT-0026-scanned_pdf,rct-0026_mild_blur.pdf,receipt,ocr,0.9904828676163338,0.9263,High,Passed,0.0093,,,,,,,,,,USD,,47.88,,2.39,,,50.27,,LittleLanternCafe,"88CrescentRoad,Pinecross,WA98104",,RC-2511-5025,2025-11-16,,,,
RCT-0027,RCT-0027-scanned_pdf,rct-0027_mild_shadow.pdf,receipt,ocr,0.9733900493296783,0.9195,High,Passed,0.0112,,,,,,,,,,USD,,102.55,,,,,111.01,,Harbor Basket,203TideStreetSeacliffCA94016,,RC-2509-5026,2025-09-03,,,,
RCT-0029,RCT-0029-scanned_pdf,rct-0029_light_noise.pdf,receipt,ocr,0.9934191471271101,0.9272,High,Passed,0.0092,,,,,,,,,,USD,,90.85,,4.54,,,95.39,,Morning Oak Market,"15OrchardWay,Brookfield,VT05036",,RC-2508-5028,2025-08-13,,,,
